INSERT INTO Artist VALUES("Twenty One Pilots");
INSERT INTO Artist VALUES("Taylor Swift");
INSERT INTO Artist VALUES("Eminem");
INSERT INTO Artist VALUES("Thomas Rhett");
INSERT INTO Artist VALUES("Frank Sinatra");

INSERT INTO Album VALUES("Blurryface", "Alternative", "Twenty One Pilots");
INSERT INTO Album VALUES("Red", "Pop", "Taylor Swift");
INSERT INTO Album VALUES("Revival", "Rap", "Eminem");
INSERT INTO Album VALUES("Life Changes", "Country", "Thomas Rhett");
INSERT INTO Album VALUES("Baby Blue Eyes", "Jazz", "Frank Sinatra");

INSERT INTO Song VALUES("Heavydirtysoul", "252", "Blurryface", "Twenty One Pilots");
INSERT INTO Song VALUES("Stressed Out", "226", "Blurryface", "Twenty One Pilots");
INSERT INTO Song VALUES("Ride", "226", "Blurryface", "Twenty One Pilots");
INSERT INTO Song VALUES("Fairly Local", "213", "Blurryface", "Twenty One Pilots");
INSERT INTO Song VALUES("Tear In My Heart", "194", "Blurryface", "Twenty One Pilots");
INSERT INTO Song VALUES("Lane Boy", "236", "Blurryface", "Twenty One Pilots");
INSERT INTO Song VALUES("The Judge", "269", "Blurryface", "Twenty One Pilots");
INSERT INTO Song VALUES("Doubt", "192", "Blurryface", "Twenty One Pilots");
INSERT INTO Song VALUES("Polarize", "228", "Blurryface", "Twenty One Pilots");
INSERT INTO Song VALUES("We Don't Believe What's on TV", "173", "Blurryface", "Twenty One Pilots");
INSERT INTO Song VALUES("Message Man", "241", "Blurryface", "Twenty One Pilots");
INSERT INTO Song VALUES("Hometown", "236", "Blurryface", "Twenty One Pilots");
INSERT INTO Song VALUES("Not Today", "239", "Blurryface", "Twenty One Pilots");
INSERT INTO Song VALUES("Goner", "237", "Blurryface", "Twenty One Pilots");

INSERT INTO Song VALUES("State of Grace", "295", "Red", "Taylor Swift");
INSERT INTO Song VALUES("Red", "223", "Red", "Taylor Swift");
INSERT INTO Song VALUES("Treacherous", "243", "Red", "Taylor Swift");
INSERT INTO Song VALUES("I Knew You Were Trouble", "219", "Red", "Taylor Swift");
INSERT INTO Song VALUES("All Too Well", "329", "Red", "Taylor Swift");
INSERT INTO Song VALUES("22", "232", "Red", "Taylor Swift");
INSERT INTO Song VALUES("I Almost Do", "245", "Red", "Taylor Swift");
INSERT INTO Song VALUES("We Are Never Getting Back Together", "192", "Red", "Taylor Swift");
INSERT INTO Song VALUES("Stay Stay Stay", "266", "Red", "Taylor Swift");
INSERT INTO Song VALUES("The Last Time", "299", "Red", "Taylor Swift");
INSERT INTO Song VALUES("Holy Ground", "263", "Red", "Taylor Swift");
INSERT INTO Song VALUES("Sad Beautiful Tragic", "285", "Red", "Taylor Swift");
INSERT INTO Song VALUES("The Lucky One", "240", "Red", "Taylor Swift");
INSERT INTO Song VALUES("Everything Has Changed", "245", "Red", "Taylor Swift");
INSERT INTO Song VALUES("Starlight", "221", "Red", "Taylor Swift");
INSERT INTO Song VALUES("Begin Again", "237", "Red", "Taylor Swift");

INSERT INTO Song VALUES("Walk On Water", "304", "Revival", "Eminem");
INSERT INTO Song VALUES("Believe", "315", "Revival", "Eminem");
INSERT INTO Song VALUES("Chloraseptic", "301", "Revival", "Eminem");
INSERT INTO Song VALUES("Untouchable", "370", "Revival", "Eminem");
INSERT INTO Song VALUES("River", "221", "Revival", "Eminem");
INSERT INTO Song VALUES("Remind Me", "225", "Revival", "Eminem");
INSERT INTO Song VALUES("Like Home", "246", "Revival", "Eminem");
INSERT INTO Song VALUES("Bad Husband", "288", "Revival", "Eminem");
INSERT INTO Song VALUES("Tragic Endings", "252", "Revival", "Eminem");
INSERT INTO Song VALUES("Framed", "253", "Revival", "Eminem");
INSERT INTO Song VALUES("Nowhere Fast", "264", "Revival", "Eminem");
INSERT INTO Song VALUES("Heat", "250", "Revival", "Eminem");
INSERT INTO Song VALUES("Offended", "321", "Revival", "Eminem");
INSERT INTO Song VALUES("Need Me", "266", "Revival", "Eminem");
INSERT INTO Song VALUES("In Your Head", "183", "Revival", "Eminem");
INSERT INTO Song VALUES("Castle", "255", "Revival", "Eminem");
INSERT INTO Song VALUES("Arose", "275", "Revival", "Eminem");

INSERT INTO Song VALUES("Craving You", "223", "Life Changes", "Thomas Rhett");
INSERT INTO Song VALUES("Unforgettable", "157", "Life Changes", "Thomas Rhett");
INSERT INTO Song VALUES("Sixteen", "238", "Life Changes", "Thomas Rhett");
INSERT INTO Song VALUES("Drink A Little Beer", "214", "Life Changes", "Thomas Rhett");
INSERT INTO Song VALUES("Marry Me", "206", "Life Changes", "Thomas Rhett");
INSERT INTO Song VALUES("Leave Right Now", "228", "Life Changes", "Thomas Rhett");
INSERT INTO Song VALUES("Smooth Like Summer", "232", "Life Changes", "Thomas Rhett");
INSERT INTO Song VALUES("Life Changes", "190", "Life Changes", "Thomas Rhett");
INSERT INTO Song VALUES("When You Look Like That", "203", "Life Changes", "Thomas Rhett");
INSERT INTO Song VALUES("Sweetheart", "206", "Life Changes", "Thomas Rhett");
INSERT INTO Song VALUES("Kiss Me Like A Stranger", "227", "Life Changes", "Thomas Rhett");
INSERT INTO Song VALUES("Renegades", "223", "Life Changes", "Thomas Rhett");
INSERT INTO Song VALUES("Getaway Love", "206", "Life Changes", "Thomas Rhett");
INSERT INTO Song VALUES("Grave", "191", "Life Changes", "Thomas Rhett");

INSERT INTO Song VALUES("Yes Sir, That's My Baby", "131", "Baby Blue Eyes", "Frank Sinatra");
INSERT INTO Song VALUES("Ain't She Sweet", "128", "Baby Blue Eyes", "Frank Sinatra");
INSERT INTO Song VALUES("It's A Wonderful World", "145", "Baby Blue Eyes", "Frank Sinatra");
INSERT INTO Song VALUES("Isn't She Lovely", "126", "Baby Blue Eyes", "Frank Sinatra");
INSERT INTO Song VALUES("I've Got My Love To Keep Me Warm", "172", "Baby Blue Eyes", "Frank Sinatra");
INSERT INTO Song VALUES("Pocketful Of Miracles", "160", "Baby Blue Eyes", "Frank Sinatra");
INSERT INTO Song VALUES("I Believe", "150", "Baby Blue Eyes", "Frank Sinatra");
INSERT INTO Song VALUES("It's Only A Paper Moon", "138", "Baby Blue Eyes", "Frank Sinatra");
INSERT INTO Song VALUES("High Hopes", "162", "Baby Blue Eyes", "Frank Sinatra");
INSERT INTO Song VALUES("Jeepers Creepers", "143", "Baby Blue Eyes", "Frank Sinatra");
INSERT INTO Song VALUES("Pennies From Heaven", "162", "Baby Blue Eyes", "Frank Sinatra");
INSERT INTO Song VALUES("How Cute Can You Be?", "164", "Baby Blue Eyes", "Frank Sinatra");
INSERT INTO Song VALUES("A Baby Just Like You", "167", "Baby Blue Eyes", "Frank Sinatra");
INSERT INTO Song VALUES("Bein' Green", "180", "Baby Blue Eyes", "Frank Sinatra");
INSERT INTO Song VALUES("Hush-A-Bye Island", "200", "Baby Blue Eyes", "Frank Sinatra");
INSERT INTO Song VALUES("Fairy Tale", "198", "Baby Blue Eyes", "Frank Sinatra");
INSERT INTO Song VALUES("Young At Heart", "169", "Baby Blue Eyes", "Frank Sinatra");
INSERT INTO Song VALUES("Dream", "177", "Baby Blue Eyes", "Frank Sinatra");
INSERT INTO Song VALUES("Put Your Dreams Away", "192", "Baby Blue Eyes", "Frank Sinatra");
INSERT INTO Song VALUES("Cradle Song", "188", "Baby Blue Eyes", "Frank Sinatra");

INSERT INTO User_Account VALUES("BlueMan", "2017-04-23", "blueman@aol.com", "John", "Smith");
INSERT INTO User_Account VALUES("GreenGuy", "2018-01-02", "greenguy@gmail.com", "Jim", "Jones");
INSERT INTO User_Account VALUES("PurpleLady", "2017-05-16", "purplelady@yahoo.com", "Jane", "Williams");
INSERT INTO User_Account VALUES("OrangeGal", "2018-02-13", "orangegal@msn.com", "Jill", "Johnson");

INSERT INTO Free_User VALUES("BlueMan", "23");
INSERT INTO Free_User VALUES("OrangeGal", "10");

INSERT INTO Paying_User VALUES("2018-01-02", "Credit Card", "2019-01-02", "GreenGuy");
INSERT INTO Paying_User VALUES("2017-05-16", "Credit Card", "2018-05-16", "PurpleLady");

INSERT INTO Playlist VALUES("Fun Music", "8", "2068", "GreenGuy");
INSERT INTO Playlist VALUES("Roadtrip", "15", "3780", "BlueMan");
INSERT INTO Playlist VALUES("Party Mix", "21", "5209", "BlueMan");
INSERT INTO Playlist VALUES("Country Mix", "10", "2557", "PurpleLady");
INSERT INTO Playlist VALUES("Girls Night", "12", "2993", "OrangeGal");

INSERT INTO Personal_Playlist VALUES("2018-02-03", "Fun Music", "GreenGuy");
INSERT INTO Personal_Playlist VALUES("2017-11-18", "Roadtrip", "BlueMan");
INSERT INTO Personal_Playlist VALUES("2018-03-22", "Party Mix", "BlueMan");
INSERT INTO Personal_Playlist VALUES("2017-06-19", "Country Mix", "PurpleLady");
INSERT INTO Personal_Playlist VALUES("2018-04-02", "Girls Night", "OrangeGal");

INSERT INTO Other_User_Playlist VALUES("GreenGuy", "Fun Music", "BlueMan");
INSERT INTO Other_User_Playlist VALUES("OrangeGal", "Girls Night", "PurpleLady");
INSERT INTO Other_User_Playlist VALUES("PurpleLady", "Country Mix", "BlueMan");
INSERT INTO Other_User_Playlist VALUES("PurpleLady", "Country Mix", "GreenGuy");

INSERT INTO Add_Song VALUES("BlueMan", "Roadtrip", "Heavydirtysoul", "Twenty One Pilots", "Blurryface");
INSERT INTO Add_Song VALUES("BlueMan", "Roadtrip", "Stressed Out", "Twenty One Pilots", "Blurryface");
INSERT INTO Add_Song VALUES("BlueMan", "Roadtrip", "Ride", "Twenty One Pilots", "Blurryface");
INSERT INTO Add_Song VALUES("BlueMan", "Roadtrip", "Fairly Local", "Twenty One Pilots", "Blurryface");
INSERT INTO Add_Song VALUES("BlueMan", "Roadtrip", "Tear In My Heart", "Twenty One Pilots", "Blurryface");

INSERT INTO Add_Song VALUES("OrangeGal", "Girls Night", "State of Grace", "Taylor Swift", "Red");
INSERT INTO Add_Song VALUES("OrangeGal", "Girls Night", "Red", "Taylor Swift", "Red");
INSERT INTO Add_Song VALUES("OrangeGal", "Girls Night", "Treacherous", "Taylor Swift", "Red");
INSERT INTO Add_Song VALUES("OrangeGal", "Girls Night", "I Knew You Were Trouble", "Taylor Swift", "Red");
INSERT INTO Add_Song VALUES("OrangeGal", "Girls Night", "All Too Well", "Taylor Swift", "Red");

INSERT INTO Add_Song VALUES("BlueMan", "Party Mix", "Walk On Water", "Eminem", "Revival");
INSERT INTO Add_Song VALUES("BlueMan", "Party Mix", "Believe", "Eminem", "Revival");
INSERT INTO Add_Song VALUES("BlueMan", "Party Mix", "Chloraseptic", "Eminem", "Revival");
INSERT INTO Add_Song VALUES("BlueMan", "Party Mix", "Untouchable", "Eminem", "Revival");
INSERT INTO Add_Song VALUES("BlueMan", "Party Mix", "River", "Eminem", "Revival");

INSERT INTO Add_Song VALUES("PurpleLady", "Country Mix", "Craving You", "Thomas Rhett", "Life Changes");
INSERT INTO Add_Song VALUES("PurpleLady", "Country Mix", "Unforgettable", "Thomas Rhett", "Life Changes");
INSERT INTO Add_Song VALUES("PurpleLady", "Country Mix", "Sixteen", "Thomas Rhett", "Life Changes");
INSERT INTO Add_Song VALUES("PurpleLady", "Country Mix", "Drink A Little Beer", "Thomas Rhett", "Life Changes");
INSERT INTO Add_Song VALUES("PurpleLady", "Country Mix", "Marry Me", "Thomas Rhett", "Life Changes");

INSERT INTO Add_Song VALUES("GreenGuy", "Fun Music", "Yes Sir, That's My Baby", "Frank Sinatra", "Baby Blue Eyes");
INSERT INTO Add_Song VALUES("GreenGuy", "Fun Music", "Ain't She Sweet", "Frank Sinatra", "Baby Blue Eyes");
INSERT INTO Add_Song VALUES("GreenGuy", "Fun Music", "It's A Wonderful World", "Frank Sinatra", "Baby Blue Eyes");
INSERT INTO Add_Song VALUES("GreenGuy", "Fun Music", "Isn't She Lovely", "Frank Sinatra", "Baby Blue Eyes");
INSERT INTO Add_Song VALUES("GreenGuy", "Fun Music", "I've Got My Love To Keep Me Warm", "Frank Sinatra", "Baby Blue Eyes");
