INSERT INTO Artist VALUES("Twenty One Pilots");
INSERT INTO Artist VALUES("Taylor Swift");
INSERT INTO Artist VALUES("Eminem");
INSERT INTO Artist VALUES("Thomas Rhett");
INSERT INTO Artist VALUES("Frank Sinatra");
INSERT INTO Artist VALUES("New Politics");
INSERT INTO Artist VALUES("Hoodie Allen");
INSERT INTO Artist VALUES("Rascal Flatts");
INSERT INTO Artist VALUES("Meghan Trainor");
INSERT INTO Artist VALUES("One Direction");
INSERT INTO Artist VALUES("Bruno Mars");
INSERT INTO Artist VALUES("Fall Out Boy");
INSERT INTO Artist VALUES("Justin Bieber");
INSERT INTO Artist VALUES("Demi Lovato");
INSERT INTO Artist VALUES("Beyonce");
INSERT INTO Artist VALUES("Elton John");
INSERT INTO Artist VALUES("Miley Cyrus");
INSERT INTO Artist VALUES("Whitney Houston");
INSERT INTO Artist VALUES("Jonas Brothers");
INSERT INTO Artist VALUES("NSYNC");
INSERT INTO Artist VALUES("Coldplay");
INSERT INTO Artist VALUES("The Beatles");
INSERT INTO Artist VALUES("AC/DC");

INSERT INTO Album VALUES("Blurryface", "Alternative", "Twenty One Pilots");
INSERT INTO Album VALUES("Red", "Pop", "Taylor Swift");
INSERT INTO Album VALUES("Revival", "Rap", "Eminem");
INSERT INTO Album VALUES("Life Changes", "Country", "Thomas Rhett");
INSERT INTO Album VALUES("Baby Blue Eyes", "Jazz", "Frank Sinatra");
INSERT INTO Album VALUES("Lost in Translation", "Alternative", "New Politics");
INSERT INTO Album VALUES("Happy Camper", "Rap", "Hoodie Allen");
INSERT INTO Album VALUES("Back to Us", "Country", "Rascal Flatts");
INSERT INTO Album VALUES("Thank You", "Pop", "Meghan Trainor");
INSERT INTO Album VALUES("Take Me Home", "Pop", "One Direction");
INSERT INTO Album VALUES("Unorthodox Jukebox", "Pop", "Bruno Mars");
INSERT INTO Album VALUES("Mania", "Rock", "Fall Out Boy");
INSERT INTO Album VALUES("Purpose", "Pop", "Justin Bieber");
INSERT INTO Album VALUES("Tell Me You Love Me", "Pop", "Demi Lovato");
INSERT INTO Album VALUES("Lemonade", "R&B", "Beyonce");
INSERT INTO Album VALUES("Goodbye Yellow Brick Road", "Rock", "Elton John");
INSERT INTO Album VALUES("Breakout", "Pop", "Miley Cyrus");
INSERT INTO Album VALUES("Just Whitney", "Soul", "Whitney Houston");
INSERT INTO Album VALUES("A Little Bit Longer", "Pop", "Jonas Brothers");
INSERT INTO Album VALUES("No Strings Attached", "Pop", "NSYNC");
INSERT INTO Album VALUES("Mylo Xyloto", "Alternative", "Coldplay");
INSERT INTO Album VALUES("Let It Be", "Rock", "The Beatles");
INSERT INTO Album VALUES("Black Ice", "Rock", "AC/DC");


INSERT INTO Song VALUES("Heavydirtysoul", "252", "Blurryface", "Twenty One Pilots");
INSERT INTO Song VALUES("Stressed Out", "226", "Blurryface", "Twenty One Pilots");
INSERT INTO Song VALUES("Ride", "226", "Blurryface", "Twenty One Pilots");
INSERT INTO Song VALUES("Fairly Local", "213", "Blurryface", "Twenty One Pilots");
INSERT INTO Song VALUES("Tear In My Heart", "194", "Blurryface", "Twenty One Pilots");
INSERT INTO Song VALUES("Lane Boy", "236", "Blurryface", "Twenty One Pilots");
INSERT INTO Song VALUES("The Judge", "269", "Blurryface", "Twenty One Pilots");
INSERT INTO Song VALUES("Doubt", "192", "Blurryface", "Twenty One Pilots");
INSERT INTO Song VALUES("Polarize", "228", "Blurryface", "Twenty One Pilots");
INSERT INTO Song VALUES("We Don’t Believe What’s on TV", "173", "Blurryface", "Twenty One Pilots");
INSERT INTO Song VALUES("Message Man", "241", "Blurryface", "Twenty One Pilots");
INSERT INTO Song VALUES("Hometown", "236", "Blurryface", "Twenty One Pilots");
INSERT INTO Song VALUES("Not Today", "239", "Blurryface", "Twenty One Pilots");
INSERT INTO Song VALUES("Goner", "237", "Blurryface", "Twenty One Pilots");

INSERT INTO Song VALUES("State of Grace", "295", "Red", "Taylor Swift");
INSERT INTO Song VALUES("Red", "223", "Red", "Taylor Swift");
INSERT INTO Song VALUES("Treacherous", "243", "Red", "Taylor Swift");
INSERT INTO Song VALUES("I Knew You Were Trouble", "219", "Red", "Taylor Swift");
INSERT INTO Song VALUES("All Too Well", "329", "Red", "Taylor Swift");
INSERT INTO Song VALUES("22", "232", "Red", "Taylor Swift");
INSERT INTO Song VALUES("I Almost Do", "245", "Red", "Taylor Swift");
INSERT INTO Song VALUES("We Are Never Getting Back Together", "192", "Red", "Taylor Swift");
INSERT INTO Song VALUES("Stay Stay Stay", "266", "Red", "Taylor Swift");
INSERT INTO Song VALUES("The Last Time", "299", "Red", "Taylor Swift");
INSERT INTO Song VALUES("Holy Ground", "263", "Red", "Taylor Swift");
INSERT INTO Song VALUES("Sad Beautiful Tragic", "285", "Red", "Taylor Swift");
INSERT INTO Song VALUES("The Lucky One", "240", "Red", "Taylor Swift");
INSERT INTO Song VALUES("Everything Has Changed", "245", "Red", "Taylor Swift");
INSERT INTO Song VALUES("Starlight", "221", "Red", "Taylor Swift");
INSERT INTO Song VALUES("Begin Again", "237", "Red", "Taylor Swift");

INSERT INTO Song VALUES("Walk On Water", "304", "Revival", "Eminem");
INSERT INTO Song VALUES("Believe", "315", "Revival", "Eminem");
INSERT INTO Song VALUES("Chloraseptic", "301", "Revival", "Eminem");
INSERT INTO Song VALUES("Untouchable", "370", "Revival", "Eminem");
INSERT INTO Song VALUES("River", "221", "Revival", "Eminem");
INSERT INTO Song VALUES("Remind Me", "225", "Revival", "Eminem");
INSERT INTO Song VALUES("Like Home", "246", "Revival", "Eminem");
INSERT INTO Song VALUES("Bad Husband", "288", "Revival", "Eminem");
INSERT INTO Song VALUES("Tragic Endings", "252", "Revival", "Eminem");
INSERT INTO Song VALUES("Framed", "253", "Revival", "Eminem");
INSERT INTO Song VALUES("Nowhere Fast", "264", "Revival", "Eminem");
INSERT INTO Song VALUES("Heat", "250", "Revival", "Eminem");
INSERT INTO Song VALUES("Offended", "321", "Revival", "Eminem");
INSERT INTO Song VALUES("Need Me", "266", "Revival", "Eminem");
INSERT INTO Song VALUES("In Your Head", "183", "Revival", "Eminem");
INSERT INTO Song VALUES("Castle", "255", "Revival", "Eminem");
INSERT INTO Song VALUES("Arose", "275", "Revival", "Eminem");

INSERT INTO Song VALUES("Craving You", "223", "Life Changes", "Thomas Rhett");
INSERT INTO Song VALUES("Unforgettable", "157", "Life Changes", "Thomas Rhett");
INSERT INTO Song VALUES("Sixteen", "238", "Life Changes", "Thomas Rhett");
INSERT INTO Song VALUES("Drink A Little Beer", "214", "Life Changes", "Thomas Rhett");
INSERT INTO Song VALUES("Marry Me", "206", "Life Changes", "Thomas Rhett");
INSERT INTO Song VALUES("Leave Right Now", "228", "Life Changes", "Thomas Rhett");
INSERT INTO Song VALUES("Smooth Like Summer", "232", "Life Changes", "Thomas Rhett");
INSERT INTO Song VALUES("Life Changes", "190", "Life Changes", "Thomas Rhett");
INSERT INTO Song VALUES("When You Look Like That", "203", "Life Changes", "Thomas Rhett");
INSERT INTO Song VALUES("Sweetheart", "206", "Life Changes", "Thomas Rhett");
INSERT INTO Song VALUES("Kiss Me Like A Stranger", "227", "Life Changes", "Thomas Rhett");
INSERT INTO Song VALUES("Renegades", "223", "Life Changes", "Thomas Rhett");
INSERT INTO Song VALUES("Getaway Love", "206", "Life Changes", "Thomas Rhett");
INSERT INTO Song VALUES("Grave", "191", "Life Changes", "Thomas Rhett");

INSERT INTO Song VALUES("Yes Sir, That's My Baby", "131", "Baby Blue Eyes", "Frank Sinatra");
INSERT INTO Song VALUES("Ain’t She Sweet", "128", "Baby Blue Eyes", "Frank Sinatra");
INSERT INTO Song VALUES("It's A Wonderful World", "145", "Baby Blue Eyes", "Frank Sinatra");
INSERT INTO Song VALUES("Isn't She Lovely", "126", "Baby Blue Eyes", "Frank Sinatra");
INSERT INTO Song VALUES("I've Got My Love To Keep Me Warm", "172", "Baby Blue Eyes", "Frank Sinatra");
INSERT INTO Song VALUES("Pocketful Of Miracles", "160", "Baby Blue Eyes", "Frank Sinatra");
INSERT INTO Song VALUES("I Believe", "150", "Baby Blue Eyes", "Frank Sinatra");
INSERT INTO Song VALUES("It’s Only A Paper Moon", "138", "Baby Blue Eyes", "Frank Sinatra");
INSERT INTO Song VALUES("High Hopes", "162", "Baby Blue Eyes", "Frank Sinatra");
INSERT INTO Song VALUES("Jeepers Creepers", "143", "Baby Blue Eyes", "Frank Sinatra");
INSERT INTO Song VALUES("Pennies From Heaven", "162", "Baby Blue Eyes", "Frank Sinatra");
INSERT INTO Song VALUES("How Cute Can You Be?", "164", "Baby Blue Eyes", "Frank Sinatra");
INSERT INTO Song VALUES("A Baby Just Like You", "167", "Baby Blue Eyes", "Frank Sinatra");
INSERT INTO Song VALUES("Bein' Green", "180", "Baby Blue Eyes", "Frank Sinatra");
INSERT INTO Song VALUES("Hush-A-Bye Island", "200", "Baby Blue Eyes", "Frank Sinatra");
INSERT INTO Song VALUES("Fairy Tale", "198", "Baby Blue Eyes", "Frank Sinatra");
INSERT INTO Song VALUES("Young At Heart", "169", "Baby Blue Eyes", "Frank Sinatra");
INSERT INTO Song VALUES("Dream", "177", "Baby Blue Eyes", "Frank Sinatra");
INSERT INTO Song VALUES("Put Your Dreams Away", "192", "Baby Blue Eyes", "Frank Sinatra");
INSERT INTO Song VALUES("Cradle Song", "188", "Baby Blue Eyes", "Frank Sinatra");

INSERT INTO Song VALUES("CIA", "193", "Lost in Translation", "New Politics");
INSERT INTO Song VALUES("One of Us", "260", "Lost in Translation", "New Politics");
INSERT INTO Song VALUES("Tell Your Dad", "200", "Lost in Translation", "New Politics");
INSERT INTO Song VALUES("Madeleine", "214", "Lost in Translation", "New Politics");
INSERT INTO Song VALUES("Color Green", "274", "Lost in Translation", "New Politics");
INSERT INTO Song VALUES("Lifeboat", "183", "Lost in Translation", "New Politics");
INSERT INTO Song VALUES("Lifted", "204", "Lost in Translation", "New Politics");
INSERT INTO Song VALUES("Istanbul", "200", "Lost in Translation", "New Politics");
INSERT INTO Song VALUES("East Coast Thrilla", "163", "Lost in Translation", "New Politics");
INSERT INTO Song VALUES("Clouds", "204", "Lost in Translation", "New Politics");

INSERT INTO Song VALUES("Intro to Anxiety", "178", "Happy Camper", "Hoodie Allen");
INSERT INTO Song VALUES("Are U Having Any Fun?", "183", "Happy Camper", "Hoodie Allen");
INSERT INTO Song VALUES("Remind Me Of", "187", "Happy Camper", "Hoodie Allen");
INSERT INTO Song VALUES("So Close to Happiness", "216", "Happy Camper", "Hoodie Allen");
INSERT INTO Song VALUES("Too Invested", "233", "Happy Camper", "Hoodie Allen");
INSERT INTO Song VALUES("Surprise Party", "188", "Happy Camper", "Hoodie Allen");
INSERT INTO Song VALUES("Make You Feel", "202", "Happy Camper", "Hoodie Allen");
INSERT INTO Song VALUES("Champagne and Pools", "214", "Happy Camper", "Hoodie Allen");
INSERT INTO Song VALUES("25th Hour", "168", "Happy Camper", "Hoodie Allen");
INSERT INTO Song VALUES("King to Me", "206", "Happy Camper", "Hoodie Allen");

INSERT INTO Song VALUES("Yours If You Want It", "206", "Back to Us", "Rascal Flatts");
INSERT INTO Song VALUES("Hopin’ You Were Lookin", "236", "Back to Us", "Rascal Flatts");
INSERT INTO Song VALUES("I Know You Won’t", "233", "Back to Us", "Rascal Flatts");
INSERT INTO Song VALUES("Dance", "202", "Back to Us", "Rascal Flatts");
INSERT INTO Song VALUES("Back to Us", "239", "Back to Us", "Rascal Flatts");
INSERT INTO Song VALUES("Kiss You While I Can", "195", "Back to Us", "Rascal Flatts");
INSERT INTO Song VALUES("Vandalized", "203", "Back to Us", "Rascal Flatts");
INSERT INTO Song VALUES("Are You Happy Now", "239", "Back to Us", "Rascal Flatts");
INSERT INTO Song VALUES("Hands Talk", "216", "Back to Us", "Rascal Flatts");
INSERT INTO Song VALUES("Thieves", "191", "Back to Us", "Rascal Flatts");
INSERT INTO Song VALUES("Love What You’ve Done with the Place", "211", "Back to Us", "Rascal Flatts");
INSERT INTO Song VALUES("Roller Rink", "192", "Back to Us", "Rascal Flatts");
INSERT INTO Song VALUES("Our Night to Shine", "216", "Back to Us", "Rascal Flatts");

INSERT INTO Song VALUES("Watch Me Do", "170", "Thank You", "Meghan Trainor");
INSERT INTO Song VALUES("Me Too", "181", "Thank You", "Meghan Trainor");
INSERT INTO Song VALUES("NO", "214", "Thank You", "Meghan Trainor");
INSERT INTO Song VALUES("Better", "168", "Thank You", "Meghan Trainor");
INSERT INTO Song VALUES("Hopeless Romantic", "245", "Thank You", "Meghan Trainor");
INSERT INTO Song VALUES("I Love Me", "168", "Thank You", "Meghan Trainor");
INSERT INTO Song VALUES("Kindly Calm Me Down", "239", "Thank You", "Meghan Trainor");
INSERT INTO Song VALUES("Woman Up", "209", "Thank You", "Meghan Trainor");
INSERT INTO Song VALUES("Just a Friend to You", "165", "Thank You", "Meghan Trainor");
INSERT INTO Song VALUES("I Won’t Let You Down", "200", "Thank You", "Meghan Trainor");
INSERT INTO Song VALUES("Dance Like Yo Daddy", "183", "Thank You", "Meghan Trainor");
INSERT INTO Song VALUES("Champagne Problems", "222", "Thank You", "Meghan Trainor");

INSERT INTO Song VALUES("Live While We’re Young", "200", "Take Me Home", "One Direction");
INSERT INTO Song VALUES("Kiss You", "183", "Take Me Home", "One Direction");
INSERT INTO Song VALUES("Little Things", "220", "Take Me Home", "One Direction");
INSERT INTO Song VALUES("C'mon C'mon", "166", "Take Me Home", "One Direction");
INSERT INTO Song VALUES("Last First Kiss", "205", "Take Me Home", "One Direction");
INSERT INTO Song VALUES("Heart Attack", "178", "Take Me Home", "One Direction");
INSERT INTO Song VALUES("Rock Me", "202", "Take Me Home", "One Direction");
INSERT INTO Song VALUES("Change My Mind", "214", "Take Me Home", "One Direction");
INSERT INTO Song VALUES("I Would", "202", "Take Me Home", "One Direction");
INSERT INTO Song VALUES("Over Again", "183", "Take Me Home", "One Direction");
INSERT INTO Song VALUES("Back for You", "180", "Take Me Home", "One Direction");
INSERT INTO Song VALUES("They Don’t Know About Us", "202", "Take Me Home", "One Direction");
INSERT INTO Song VALUES("Summer Love", "208", "Take Me Home", "One Direction");

INSERT INTO Song VALUES("Young Girls", "229", "Unorthodox Jukebox", "Bruno Mars");
INSERT INTO Song VALUES("Locked Out of Heaven", "234", "Unorthodox Jukebox", "Bruno Mars");
INSERT INTO Song VALUES("Gorilla", "245", "Unorthodox Jukebox", "Bruno Mars");
INSERT INTO Song VALUES("Treasure", "176", "Unorthodox Jukebox", "Bruno Mars");
INSERT INTO Song VALUES("Moonshine", "229", "Unorthodox Jukebox", "Bruno Mars");
INSERT INTO Song VALUES("When I Was Your Man", "215", "Unorthodox Jukebox", "Bruno Mars");
INSERT INTO Song VALUES("Natalie", "225", "Unorthodox Jukebox", "Bruno Mars");
INSERT INTO Song VALUES("Show Me", "208", "Unorthodox Jukebox", "Bruno Mars");
INSERT INTO Song VALUES("Money Make Her Smile", "204", "Unorthodox Jukebox", "Bruno Mars");
INSERT INTO Song VALUES("If I Knew", "133", "Unorthodox Jukebox", "Bruno Mars");

INSERT INTO Song VALUES("Young and Menace", "223", "Mania", "Fall Out Boy");
INSERT INTO Song VALUES("Champion", "193", "Mania", "Fall Out Boy");
INSERT INTO Song VALUES("Stay Frosty Royal Milk Tea", "170", "Mania", "Fall Out Boy");
INSERT INTO Song VALUES("HOLD ME TIGHT OR DON’T", "210", "Mania", "Fall Out Boy");
INSERT INTO Song VALUES("The Last of the Real Ones", "230", "Mania", "Fall Out Boy");
INSERT INTO Song VALUES("Wilson", "216", "Mania", "Fall Out Boy");
INSERT INTO Song VALUES("Church", "212", "Mania", "Fall Out Boy");
INSERT INTO Song VALUES("Heaven’s Gate", "226", "Mania", "Fall Out Boy");
INSERT INTO Song VALUES("Sunshine Riptide", "204", "Mania", "Fall Out Boy");
INSERT INTO Song VALUES("Bishops Knife Trick", "263", "Mania", "Fall Out Boy");

INSERT INTO Song VALUES("Mark My Words", "134", "Purpose", "Justin Bieber");
INSERT INTO Song VALUES("I’ll Show You", "200", "Purpose", "Justin Bieber");
INSERT INTO Song VALUES("What Do You Mean?", "206", "Purpose", "Justin Bieber");
INSERT INTO Song VALUES("Sorry", "200", "Purpose", "Justin Bieber");
INSERT INTO Song VALUES("Love Yourself", "233", "Purpose", "Justin Bieber");
INSERT INTO Song VALUES("Company", "208", "Purpose", "Justin Bieber");
INSERT INTO Song VALUES("No Pressure", "286", "Purpose", "Justin Bieber");
INSERT INTO Song VALUES("No Sense", "275", "Purpose", "Justin Bieber");
INSERT INTO Song VALUES("The Feeling", "245", "Purpose", "Justin Bieber");
INSERT INTO Song VALUES("Live is Worth Living", "235", "Purpose", "Justin Bieber");
INSERT INTO Song VALUES("Where Are U Now", "243", "Purpose", "Justin Bieber");
INSERT INTO Song VALUES("Children", "223", "Purpose", "Justin Bieber");
INSERT INTO Song VALUES("Purpose", "210", "Purpose", "Justin Bieber");
INSERT INTO Song VALUES("Been You", "199", "Purpose", "Justin Bieber");
INSERT INTO Song VALUES("Get Used To It", "238", "Purpose", "Justin Bieber");
INSERT INTO Song VALUES("We Are", "202", "Purpose", "Justin Bieber");
INSERT INTO Song VALUES("Trust", "203", "Purpose", "Justin Bieber");
INSERT INTO Song VALUES("All in It", "231", "Purpose", "Justin Bieber");

INSERT INTO Song VALUES("Sorry Not Sorry", "203", "Tell Me You Love Me", "Demi Lovato");
INSERT INTO Song VALUES("Tell Me You Love Me", "237", "Tell Me You Love Me", "Demi Lovato");
INSERT INTO Song VALUES("You Don’t Do It for Me Anymore", "197", "Tell Me You Love Me", "Demi Lovato");
INSERT INTO Song VALUES("Daddy Issues", "189", "Tell Me You Love Me", "Demi Lovato");
INSERT INTO Song VALUES("Ruin the Friendship", "233", "Tell Me You Love Me", "Demi Lovato");
INSERT INTO Song VALUES("Only Forever", "197", "Tell Me You Love Me", "Demi Lovato");
INSERT INTO Song VALUES("Lonely", "281", "Tell Me You Love Me", "Demi Lovato");
INSERT INTO Song VALUES("Cry Baby", "222", "Tell Me You Love Me", "Demi Lovato");
INSERT INTO Song VALUES("Games", "188", "Tell Me You Love Me", "Demi Lovato");
INSERT INTO Song VALUES("Concentrate", "197", "Tell Me You Love Me", "Demi Lovato");
INSERT INTO Song VALUES("Hitchhiker", "223", "Tell Me You Love Me", "Demi Lovato");
INSERT INTO Song VALUES("Instruction", "166", "Tell Me You Love Me", "Demi Lovato");

INSERT INTO Song VALUES("Pray You Catch Me", "196", "Lemonade", "Beyonce");
INSERT INTO Song VALUES("Hold Up", "221", "Lemonade", "Beyonce");
INSERT INTO Song VALUES("Don’t Hurt Yourself", "234", "Lemonade", "Beyonce");
INSERT INTO Song VALUES("Sorry", "233", "Lemonade", "Beyonce");
INSERT INTO Song VALUES("6 Inch", "260", "Lemonade", "Beyonce");
INSERT INTO Song VALUES("Daddy Lessons", "288", "Lemonade", "Beyonce");
INSERT INTO Song VALUES("Love Drought", "237", "Lemonade", "Beyonce");
INSERT INTO Song VALUES("Sandcastles", "183", "Lemonade", "Beyonce");
INSERT INTO Song VALUES("Forward", "79", "Lemonade", "Beyonce");
INSERT INTO Song VALUES("Freedom", "290", "Lemonade", "Beyonce");
INSERT INTO Song VALUES("All Night", "322", "Lemonade", "Beyonce");
INSERT INTO Song VALUES("Formation", "206", "Lemonade", "Beyonce");

INSERT INTO Song VALUES("Funeral for a Friend", "667", "Goodbye Yellow Brick Road", "Elton John");
INSERT INTO Song VALUES("Candle in the Wind", "230", "Goodbye Yellow Brick Road", "Elton John");
INSERT INTO Song VALUES("Bennie & The Jets", "323", "Goodbye Yellow Brick Road", "Elton John");
INSERT INTO Song VALUES("Goodbye Yellow Brick Road", "195", "Goodbye Yellow Brick Road", "Elton John");
INSERT INTO Song VALUES("This Song Has No Title", "143", "Goodbye Yellow Brick Road", "Elton John");
INSERT INTO Song VALUES("Grey Seal", "240", "Goodbye Yellow Brick Road", "Elton John");
INSERT INTO Song VALUES("Jamaica Jerk Off", "667", "Goodbye Yellow Brick Road", "Elton John");
INSERT INTO Song VALUES("I've Seen That Movie Too", "358", "Goodbye Yellow Brick Road", "Elton John");
INSERT INTO Song VALUES("Sweet Painted Lady", "235", "Goodbye Yellow Brick Road", "Elton John");

INSERT INTO Song VALUES("Breakout", "206", "Breakout", "Miley Cyrus");
INSERT INTO Song VALUES("7 Things", "213", "Breakout", "Miley Cyrus");
INSERT INTO Song VALUES("The Driveway", "223", "Breakout", "Miley Cyrus");
INSERT INTO Song VALUES("Girls Just Wanna Have Fun", "186", "Breakout", "Miley Cyrus");
INSERT INTO Song VALUES("Full Circle", "194", "Breakout", "Miley Cyrus");
INSERT INTO Song VALUES("Fly On The Wall", "152", "Breakout", "Miley Cyrus");
INSERT INTO Song VALUES("Bottom of the Ocean", "195", "Breakout", "Miley Cyrus");
INSERT INTO Song VALUES("Wake Up America", "167", "Breakout", "Miley Cyrus");
INSERT INTO Song VALUES("These Four Walls", "208", "Breakout", "Miley Cyrus");
INSERT INTO Song VALUES("Simple Song", "212", "Breakout", "Miley Cyrus");
INSERT INTO Song VALUES("Goodbye", "234", "Breakout", "Miley Cyrus");
INSERT INTO Song VALUES("See You Again", "199", "Breakout", "Miley Cyrus");

INSERT INTO Song VALUES("One of Those Days", "253", "Just Whitney", "Whitney Houston");
INSERT INTO Song VALUES("Tell Me No", "224", "Just Whitney", "Whitney Houston");
INSERT INTO Song VALUES("Things You Say", "250", "Just Whitney", "Whitney Houston");
INSERT INTO Song VALUES("My Love", "208", "Just Whitney", "Whitney Houston");
INSERT INTO Song VALUES("Love That Man", "203", "Just Whitney", "Whitney Houston");
INSERT INTO Song VALUES("Try It on My Own", "280", "Just Whitney", "Whitney Houston");
INSERT INTO Song VALUES("Dear John Letter", "274", "Just Whitney", "Whitney Houston");
INSERT INTO Song VALUES("Unashamed", "218", "Just Whitney", "Whitney Houston");
INSERT INTO Song VALUES("You Light Up My Life", "223", "Just Whitney", "Whitney Houston");
INSERT INTO Song VALUES("Whatchulookinat", "214", "Just Whitney", "Whitney Houston");

INSERT INTO Song VALUES("BB Good", "176", "A Little Bit Longer", "Jonas Brothers");
INSERT INTO Song VALUES("Burnin Up", "175", "A Little Bit Longer", "Jonas Brothers");
INSERT INTO Song VALUES("Shelf", "229", "A Little Bit Longer", "Jonas Brothers");
INSERT INTO Song VALUES("One Man Show", "188", "A Little Bit Longer", "Jonas Brothers");
INSERT INTO Song VALUES("Lovebug", "221", "A Little Bit Longer", "Jonas Brothers");
INSERT INTO Song VALUES("Tonight", "210", "A Little Bit Longer", "Jonas Brothers");
INSERT INTO Song VALUES("Can’t Have You", "268", "A Little Bit Longer", "Jonas Brothers");
INSERT INTO Song VALUES("Video Girl", "174", "A Little Bit Longer", "Jonas Brothers");
INSERT INTO Song VALUES("Pushin Me Away", "183", "A Little Bit Longer", "Jonas Brothers");
INSERT INTO Song VALUES("Sorry", "192", "A Little Bit Longer", "Jonas Brothers");
INSERT INTO Song VALUES("Got Me Goin Crazy", "156", "A Little Bit Longer", "Jonas Brothers");
INSERT INTO Song VALUES("A Little Bit Longer", "205", "A Little Bit Longer", "Jonas Brothers");
INSERT INTO Song VALUES("Live to Party", "176", "A Little Bit Longer", "Jonas Brothers");
INSERT INTO Song VALUES("Hello Goodbye", "127", "A Little Bit Longer", "Jonas Brothers");

INSERT INTO Song VALUES("Bye Bye Bye", "200", "No Strings Attached", "NSYNC");
INSERT INTO Song VALUES("It's Gonna Be Me", "192", "No Strings Attached", "NSYNC");
INSERT INTO Song VALUES("Space Cowboy", "263", "No Strings Attached", "NSYNC");
INSERT INTO Song VALUES("Just Got Paid", "250", "No Strings Attached", "NSYNC");
INSERT INTO Song VALUES("It Makes Me Ill", "208", "No Strings Attached", "NSYNC");
INSERT INTO Song VALUES("This I Promise You", "283", "No Strings Attached", "NSYNC");
INSERT INTO Song VALUES("No Strings Attached", "229", "No Strings Attached", "NSYNC");
INSERT INTO Song VALUES("Digital Get Down", "263", "No Strings Attached", "NSYNC");
INSERT INTO Song VALUES("I’ll Never Stop", "206", "No Strings Attached", "NSYNC");
INSERT INTO Song VALUES("Bringin Da Noise", "212", "No Strings Attached", "NSYNC");
INSERT INTO Song VALUES("That’s When I’ll Stop Loving You", "292", "No Strings Attached", "NSYNC");
INSERT INTO Song VALUES("I'll Be Good for You", "236", "No Strings Attached", "NSYNC");
INSERT INTO Song VALUES("If I’m Not the One", "202", "No Strings Attached", "NSYNC");

INSERT INTO Song VALUES("Hurts Like Heaven", "242", "Mylo Xyloto", "Coldplay");
INSERT INTO Song VALUES("Paradise", "278", "Mylo Xyloto", "Coldplay");
INSERT INTO Song VALUES("Charlie Brown", "285", "Mylo Xyloto", "Coldplay");
INSERT INTO Song VALUES("Us Against the World", "240", "Mylo Xyloto", "Coldplay");
INSERT INTO Song VALUES("Every Teardrop is a Waterfall", "241", "Mylo Xyloto", "Coldplay");
INSERT INTO Song VALUES("Major Minus", "210", "Mylo Xyloto", "Coldplay");
INSERT INTO Song VALUES("U.F.O.", "138", "Mylo Xyloto", "Coldplay");
INSERT INTO Song VALUES("Princess of China", "239", "Mylo Xyloto", "Coldplay");
INSERT INTO Song VALUES("Up in Flames", "253", "Mylo Xyloto", "Coldplay");
INSERT INTO Song VALUES("Don’t Let It Break Your Heart", "234", "Mylo Xyloto", "Coldplay");
INSERT INTO Song VALUES("Up With the Birds", "228", "Mylo Xyloto", "Coldplay");

INSERT INTO Song VALUES("Two of Us", "216", "Let It Be", "The Beatles");
INSERT INTO Song VALUES("Dig a Pony", "234", "Let It Be", "The Beatles");
INSERT INTO Song VALUES("Across the Universe", "227", "Let It Be", "The Beatles");
INSERT INTO Song VALUES("I Me Mine", "146", "Let It Be", "The Beatles");
INSERT INTO Song VALUES("Let It Be", "243", "Let It Be", "The Beatles");
INSERT INTO Song VALUES("I’ve Got a Feeling", "217", "Let It Be", "The Beatles");
INSERT INTO Song VALUES("One After 909", "173", "Let It Be", "The Beatles");
INSERT INTO Song VALUES("The Long and Winding Road", "218", "Let It Be", "The Beatles");
INSERT INTO Song VALUES("For You Blue", "152", "Let It Be", "The Beatles");
INSERT INTO Song VALUES("Get Back", "187", "Let It Be", "The Beatles");

INSERT INTO Song VALUES("Skies on Fire", "214", "Black Ice", "AC/DC");
INSERT INTO Song VALUES("Big Jack", "237", "Black Ice", "AC/DC");
INSERT INTO Song VALUES("Anything Goes", "202", "Black Ice", "AC/DC");
INSERT INTO Song VALUES("War Machine", "190", "Black Ice", "AC/DC");
INSERT INTO Song VALUES("Wheels", "208", "Black Ice", "AC/DC");
INSERT INTO Song VALUES("Decibel", "214", "Black Ice", "AC/DC");
INSERT INTO Song VALUES("Stormy May Day", "190", "Black Ice", "AC/DC");
INSERT INTO Song VALUES("Money Made", "255", "Black Ice", "AC/DC");
INSERT INTO Song VALUES("Rocking All the Way", "202", "Black Ice", "AC/DC");
INSERT INTO Song VALUES("Black Ice", "205", "Black Ice", "AC/DC");

INSERT INTO User_Account VALUES("BlueMan", "2017-04-23", "blueman@aol.com", "John", "Smith");
INSERT INTO User_Account VALUES("GreenGuy", "2018-01-02", "greenguy@gmail.com", "Jim", "Jones");
INSERT INTO User_Account VALUES("PurpleLady", "2017-05-16", "purplelady@yahoo.com", "Jane", "Williams");
INSERT INTO User_Account VALUES("OrangeGal", "2018-02-13", "orangegal@msn.com", "Jill", "Johnson");

INSERT INTO Free_User VALUES("BlueMan", "23");
INSERT INTO Free_User VALUES("OrangeGal", "10");

INSERT INTO Paying_User VALUES("2018-01-02", "Credit Card", "2019-01-02", "GreenGuy");
INSERT INTO Paying_User VALUES("2017-05-16", "Credit Card", "2018-05-16", "PurpleLady");

INSERT INTO Playlist VALUES("Fun Music", "8", "2068", "GreenGuy");
INSERT INTO Playlist VALUES("Roadtrip", "15", "3780", "BlueMan");
INSERT INTO Playlist VALUES("Party Mix", "21", "5209", "BlueMan");
INSERT INTO Playlist VALUES("Country Mix", "10", "2557", "PurpleLady");
INSERT INTO Playlist VALUES("Girls Night", "12", "2993", "OrangeGal");

INSERT INTO Personal_Playlist VALUES("2018-02-03", "Fun Music", "GreenGuy");
INSERT INTO Personal_Playlist VALUES("2017-11-18", "Roadtrip", "BlueMan");
INSERT INTO Personal_Playlist VALUES("2018-03-22", "Party Mix", "BlueMan");
INSERT INTO Personal_Playlist VALUES("2017-06-19", "Country Mix", "PurpleLady");
INSERT INTO Personal_Playlist VALUES("2018-04-02", "Girls Night", "OrangeGal");

INSERT INTO Other_User_Playlist VALUES("GreenGuy", "Fun Music", "BlueMan");
INSERT INTO Other_User_Playlist VALUES("OrangeGal", "Girls Night", "PurpleLady");
INSERT INTO Other_User_Playlist VALUES("PurpleLady", "Country Mix", "BlueMan");
INSERT INTO Other_User_Playlist VALUES("PurpleLady", "Country Mix", "GreenGuy");

INSERT INTO Add_Song VALUES("BlueMan", "Roadtrip", "Heavydirtysoul", "Twenty One Pilots", "Blurryface");
INSERT INTO Add_Song VALUES("BlueMan", "Roadtrip", "The Lucky One", "Taylor Swift", "Red");
INSERT INTO Add_Song VALUES("BlueMan", "Roadtrip", "Stressed Out", "Twenty One Pilots", "Blurryface");
INSERT INTO Add_Song VALUES("BlueMan", "Roadtrip", "Marry Me", "Thomas Rhett", "Life Changes");
INSERT INTO Add_Song VALUES("BlueMan", "Roadtrip", "Ride", "Twenty One Pilots", "Blurryface");
INSERT INTO Add_Song VALUES("BlueMan", "Roadtrip", "Remind Me Of", "Hoodie Allen", "Happy Camper");
INSERT INTO Add_Song VALUES("BlueMan", "Roadtrip", "Fairly Local", "Twenty One Pilots", "Blurryface");
INSERT INTO Add_Song VALUES("BlueMan", "Roadtrip", "Dance", "Rascal Flatts", "Back To Us");
INSERT INTO Add_Song VALUES("BlueMan", "Roadtrip", "Tear In My Heart", "Twenty One Pilots", "Blurryface");


INSERT INTO Add_Song VALUES("OrangeGal", "Girls Night", "State of Grace", "Taylor Swift", "Red");
INSERT INTO Add_Song VALUES("OrangeGal", "Girls Night", "Woman Up", "Meghan Trainor", "Thank You");
INSERT INTO Add_Song VALUES("OrangeGal", "Girls Night", "Red", "Taylor Swift", "Red");
INSERT INTO Add_Song VALUES("OrangeGal", "Girls Night", "Hopeless Romantic", "Meghan Trainor", "Thank You");
INSERT INTO Add_Song VALUES("OrangeGal", "Girls Night", "Treacherous", "Taylor Swift", "Red");
INSERT INTO Add_Song VALUES("OrangeGal", "Girls Night", "Only Forever", "Demi Lovato", "Tell Me You Love Me");
INSERT INTO Add_Song VALUES("OrangeGal", "Girls Night", "I Knew You Were Trouble", "Taylor Swift", "Red");
INSERT INTO Add_Song VALUES("OrangeGal", "Girls Night", "Instruction", "Demi Lovato", "Tell Me You Love Me");
INSERT INTO Add_Song VALUES("OrangeGal", "Girls Night", "All Too Well", "Taylor Swift", "Red");
INSERT INTO Add_Song VALUES("OrangeGal", "Girls Night", "Sorry", "Beyonce", "Lemonade");
INSERT INTO Add_Song VALUES("OrangeGal", "Girls Night", "Love Drought", "Beyonce", "Lemonade");


INSERT INTO Add_Song VALUES("BlueMan", "Party Mix", "Walk On Water", "Eminem", "Revival");
INSERT INTO Add_Song VALUES("BlueMan", "Party Mix", "One of Us", "New Politics", "Lost in Translation");
INSERT INTO Add_Song VALUES("BlueMan", "Party Mix", "Believe", "Eminem", "Revival");
INSERT INTO Add_Song VALUES("BlueMan", "Party Mix", "Clouds", "New Politics", "Lost in Translation");
INSERT INTO Add_Song VALUES("BlueMan", "Party Mix", "Chloraseptic", "Eminem", "Revival");
INSERT INTO Add_Song VALUES("BlueMan", "Party Mix", "Surprise Party", "Hoodie Allen", "Happy Camper");
INSERT INTO Add_Song VALUES("BlueMan", "Party Mix", "Untouchable", "Eminem", "Revival");
INSERT INTO Add_Song VALUES("BlueMan", "Party Mix", "Treasure", "Bruno Mars", "Unorthodox Jukebox");
INSERT INTO Add_Song VALUES("BlueMan", "Party Mix", "River", "Eminem", "Revival");
INSERT INTO Add_Song VALUES("BlueMan", "Party Mix", "Sunshine Riptide", "Fall Out Boy", "Mania");


INSERT INTO Add_Song VALUES("PurpleLady", "Country Mix", "Craving You", "Thomas Rhett", "Life Changes");
INSERT INTO Add_Song VALUES("PurpleLady", "Country Mix", "Yours If You Want It", "Rascal Flatts", "Back to Us");
INSERT INTO Add_Song VALUES("PurpleLady", "Country Mix", "Unforgettable", "Thomas Rhett", "Life Changes");
INSERT INTO Add_Song VALUES("PurpleLady", "Country Mix", "Our Night to Shine", "Rascal Flatts", "Back to Us");
INSERT INTO Add_Song VALUES("PurpleLady", "Country Mix", "Sixteen", "Thomas Rhett", "Life Changes");
INSERT INTO Add_Song VALUES("PurpleLady", "Country Mix", "Kiss You While I Can", "Rascal Flatts", "Back to Us");
INSERT INTO Add_Song VALUES("PurpleLady", "Country Mix", "Drink A Little Beer", "Thomas Rhett", "Life Changes");
INSERT INTO Add_Song VALUES("PurpleLady", "Country Mix", "Vandalized", "Rascal Flatts", "Back to Us");
INSERT INTO Add_Song VALUES("PurpleLady", "Country Mix", "Marry Me", "Thomas Rhett", "Life Changes");


INSERT INTO Add_Song VALUES("GreenGuy", "Fun Music", "Yes Sir, That's My Baby", "Frank Sinatra", "Baby Blue Eyes");
INSERT INTO Add_Song VALUES("GreenGuy", "Fun Music", "Over Again", "One Direction", "Take Me Home");
INSERT INTO Add_Song VALUES("GreenGuy", "Fun Music", "Ain’t She Sweet", "Frank Sinatra", "Baby Blue Eyes");
INSERT INTO Add_Song VALUES("GreenGuy", "Fun Music", "Moonshine", "Bruno Mars", "Unorthodox Jukebox");
INSERT INTO Add_Song VALUES("GreenGuy", "Fun Music", "It's A Wonderful World", "Frank Sinatra", "Baby Blue Eyes");
INSERT INTO Add_Song VALUES("GreenGuy", "Fun Music", "No Pressure", "Justin Bieber", "Purpose");
INSERT INTO Add_Song VALUES("GreenGuy", "Fun Music", "Isn't She Lovely", "Frank Sinatra", "Baby Blue Eyes");
INSERT INTO Add_Song VALUES("GreenGuy", "Fun Music", "This Song Has No Title", "Elton John", "Goodbye Yellow Brick Road");
INSERT INTO Add_Song VALUES("GreenGuy", "Fun Music", "Lovebug", "Jonas Brothers", "A Little Bit Longer");
